Workbook

Sheet Enkelt
A1: Bærer delmålene hovedmålet? Den enkle versjonen
A2: Fyll inn de sju gule cellene. Svaret står i den grønne. Alt annet regner seg selv. Vil du gå dypere, ligger hele markedsbudsjettet i arkene bak.
A4: Det du vet
A5: Hvor mange solcelleanlegg leverte dere i fjor? | B5: 34 | C5: Antall anlegg avdelingen leverte i 2026.
A6: Hvor mange ladepunkt leverte dere i fjor? | B6: 180 | C6: Antall ladepunkt i 2026.
A7: Hvor mange solcelleanlegg er delmålet for neste år? | B7: 42 | C7: Delmålet for solcelleanlegg i markedsplanen.
A8: Hvor mange ladepunkt er delmålet for neste år? | B8: 215 | C8: Delmålet for ladepunkt i markedsplanen.
A9: Hva koster ett solcelleanlegg, uten mva.? | B9: 51360 | C9: Snittprisen kunden betaler for ett anlegg.
A10: Hva koster ett ladepunkt, uten mva.? | B10: 8830 | C10: Snittprisen kunden betaler for ett ladepunkt.
A11: Hvor mye skal omsetningen vokse, ifølge hovedmålet? | B11: 0.2 | C11: Hovedmålet i markedsplanen. 20 prosent skrives som 0,20.
A13: Regnestykket
A14: Omsetning i fjor | B14: =B5*B9+B6*B10 -> 3335640 | C14: Anlegg ganger pris, pluss ladepunkt ganger pris.
A15: Omsetning hovedmålet krever | B15: =B14*(1+B11) -> 4002768 | C15: Omsetningen i fjor pluss veksten i hovedmålet.
A16: Omsetning hvis delmålene nås | B16: =B7*B9+B8*B10 -> 4055570 | C16: Samme regnestykke, med delmålene i stedet for fjorårets tall.
A18: VEKST HVIS DELMÅLENE NÅS | B18: =B16/B14-1 -> 0.21582965 | C18: Sammenlikn med hovedmålet. Delmålene skal gi litt mer, ikke akkurat det samme.
A19: Margin over hovedmålet, i kroner | B19: =B16-B15 -> 52802 | C19: Over null: delmålene bærer hovedmålet. Under null: de gjør det ikke.
A21: Hva svaret betyr
A22: ="Nås delmålene, vokser omsetningen med "&TEXT(B18,"0.0 %")&". Hovedmålet krever "&TEXT(B11,"0.0 %")&"." -> Nås delmålene, vokser omsetningen med 21.6 %. Hovedmålet krever 20.0 %.
A23: ="Marginen er "&TEXT(ROUND(B19,0),"#,##0")&" kroner. Er den over null, bærer delmålene hovedmålet." -> Marginen er 52,802 kroner. Er den over null, bærer delmålene hovedmålet.
A25: Prøv selv
A26: 1. Sett delmålet for ladepunkt (B8) til 200. Bærer delmålene fortsatt hovedmålet?
A27: 2. Sett hovedmålet (B11) til 25 %. Hva skjer med marginen?
A28: 3. Hvor mange solcelleanlegg (B7) trengs for at marginen akkurat skal bli over null?
A30: Tallene er Nordlys Elektro AS sine for solcelle- og ladeavdelingen, 2026 og målet for 2027 (sammendraget og arket Budsjett). Kilde: Markedsføring, organisasjon og ledelse for LØM-emnet, kap. 3.4. Nordlys Elektro AS er en konstruert casebedrift.

Sheet Veiledning
A1: Markedsbudsjett for solcelle- og ladeavdelingen
A2: LØM Markedsføring kap. 3 · arbeidsregneark · Fagskolen Oslo, Avdeling Elkraft
A3: Emne: Teknisk kommunikasjon og ledelse for 1ET-klassene · LØM for 2ET, 2EK, 3EK og 4EK
A4: Fargekode
A5: Gul celle med blå skrift | B5: Inndata — dette er tallene du endrer.
A6: Grå eller lyseblå celle, svart skrift | B6: Formel — regner seg selv. Ikke skriv over den.
A7: Mørkeblå rad med hvit skrift | B7: Kolonneoverskrift.
A9: Ark i arbeidsboka
A10: Enkelt | B10: Start her. Sju gule celler, ett svar. Sjekker om delmålene bærer hovedmålet.
A11: Budsjett | B11: Avdelingens volum og priser, målet for neste år, og de fem tiltakene markedsplanen foreslår, med kostnad. Her ligger cellene du styrer alt fra: D26 til D30.
A12: Nullpunkt | B12: Hva tiltakene må gi tilbake i dekningsbidrag, i omsetning og i antall nye oppdrag — og om avdelingen har montørtimer til det.
A13: Scenario | B13: Tre spørsmål: hvor mye av veksten kan tiltakene ta æren for, hva dekningsgraden gjør med kravet, og hva som skjer hvis styret kutter et tiltak.
A14: Din egen avdeling | B14: Samme regnestykke, tomt. Legg inn tallene fra din egen bedrift.
A16: Tallene som ligger inne er Nordlys Elektro AS sine egne for 2026 og målet for 2027.
A17: Arket svarer på tre spørsmål: hva koster tiltakene, hva må de gi i økt omsetning for å bære seg, og hvor mange nye oppdrag er det.
A18: Merk: et markedsbudsjett skal alltid regnes mot DEKNINGSBIDRAG, aldri mot omsetning. Omsetning er ikke penger før materiellet er betalt.
A20: Tallene som ligger inne er et eksempel fra en elektrobedrift. Bytt dem ut med dine egne — alle formler følger med.
A21: Arbeidsregneark til LØM · Fagskolen Oslo, Avdeling Elkraft. Regnearket er øvingsstøtte, ikke et regnskapssystem.
A23: De fem knappene
A24: Budsjett!D26 til D30 | B24: Kostnaden på hvert tiltak | C24: Endrer du en av dem, følger arkene Nullpunkt og Scenario med. Sett et tiltak til null for å se hva det er verdt å kutte det.
A25: Budsjett!B5 til B8 | B25: Volum i fjor og i målet | C25: Her setter du vekstmålet. Alt annet i arket regner seg om.
A27: Hvilken oppgave bruker hvilket ark
A28: Oppgave i øvingsheftet | B28: Ark | C28: Celler du endrer og leser av
A29: A1 · Hva er forskjellen på et mål og et ønske? | B29: Budsjett | C29: Delmålene ligger i B5 til B8. Endre dem og se hva som skjer med veksten i B21.
A30: A3 · Klasseoppgave: velg ett grep, og skriv målet | B30: Budsjett | C30: Endre B7 og B8 til det volumet valget ditt gir, og les av hva det gjør med veksten i B21 og med potten i B22.
A31: 1 · Målene som skal bære planen | B31: Budsjett | C31: Endre B5 til B8. Les av B15, B16, B18, B19, B21 og B22.
A32: 2 · Hva koster markedsplanen? | B32: Budsjett og Nullpunkt | C32: Endre tiltakene i D26 til D30. Les av budsjettet i D31, andelen av potten i D33, og svarene i Nullpunkt B12, B13, B15, B18, B19 og B22.
A33: 3 · Situasjonsanalysen med tall bak | B33: Nullpunkt | C33: Deloppgave d) om kapasitet regner du i blokk 3: B25 til B31.
A34: 4 · Velg vei, og skriv målet som følger av det | B34: Budsjett | C34: Legg inn det volumet valget ditt gir i B7 og B8, og se i B21 og B22 om målet er stort nok til å bære markedsbudsjettet.
A35: 5 · Eksamensnær: markedsplan på én side | B35: Scenario | C35: Scenario A og B gir tallene du trenger for å drøfte om budsjettet er forsvarlig. Bruk «Din egen avdeling» hvis du vil regne på din egen bedrift.
A37: Kontrollradene
A38: Hvert regneark har en kontrollblokk. Står det OK, henger tallene sammen. Står det AVVIK, farges cellen rød, og teksten sier hva som ikke går opp.
A39: Ett unntak: kontrollen nederst i scenario A skal vise OK nettopp fordi pessimistkolonnen går i minus. At tiltakene ikke betaler seg når bare en firedel av veksten skyldes dem, er selve poenget med å regne på det før pengene brukes.
A40: Kontroller i arbeidsboka: Budsjett D36, Budsjett D37, Budsjett D38, Nullpunkt B34, Nullpunkt B35, Nullpunkt B36, Scenario B17, Scenario B18, Scenario B36, Scenario B37, Scenario B50, Din egen avdeling B31, Din egen avdeling B32
A42: Kilder
A43: Hjertnes, F.: Markedsføring, organisasjon og ledelse for LØM-emnet, 4. utg., kap. 3.3 til 3.6. Nullpunktstankegangen er den samme som i Økonomistyring for LØM-emnet, kap. 8.
A44: Markedstall: NVE, «Solkraft», nve.no/energi/energisystem/solkraft (tall per 31.12.2024, hentet 09.09.2026) og SSB, statistikken «Bilparken», publisert 06.03.2026 (tall per 31.12.2025, hentet 09.09.2026).
A45: Bransjetall: NHO Elektro, Lønnsomhetsrapport 2025, gjengitt i Elektro 24-7 19.08.2026 (hentet 10.09.2026). De 809 er bedriftene i datagrunnlaget, ikke bransjen. NHO Elektro oppgir ikke svarprosent.
A46: Nordlys Elektro AS er en konstruert casebedrift. Tallene henger sammen på tvers av begge bøkene.

Sheet Budsjett
A1: Hva koster tiltakene i markedsplanen?
A2: Endre de gule cellene. Alt annet regner seg selv.
A4: 1 · Avdelingen i dag og målet for neste år
A5: Solcelleanlegg i 2026 | B5: 34 | C5: stk | E5: Antall anlegg avdelingen leverte i fjor.
A6: Ladepunkt i 2026 | B6: 180 | C6: stk
A7: Solcelleanlegg i målet for 2027 | B7: 42 | C7: stk
A8: Ladepunkt i målet for 2027 | B8: 215 | C8: stk
A10: Pris per solcelleanlegg, uten mva. | B10: 51360
A11: Dekningsbidrag per solcelleanlegg | B11: 4400 | E11: Det som er igjen etter materiell og montørtimer.
A12: Pris per ladepunkt, uten mva. | B12: 8830
A13: Dekningsbidrag per ladepunkt | B13: 1050
A15: Omsetning 2026 | B15: =B5*B10+B6*B12 -> 3335640
A16: Dekningsbidrag 2026 | B16: =B5*B11+B6*B13 -> 338600
A17: Dekningsgrad 2026 | B17: =B16/B15 -> 0.10150976
A18: Omsetning ved målet for 2027 | B18: =B7*B10+B8*B12 -> 4055570
A19: Dekningsbidrag ved målet for 2027 | B19: =B7*B11+B8*B13 -> 410550
A20: Dekningsgrad ved målet | B20: =B19/B18 -> 0.10123115 | E20: Legg merke til hvor lav den er. Nesten ni tiendeler av prisen er materiell og montørtimer.
A21: Vekst i omsetning fra 2026 til målet | B21: =B18/B15-1 -> 0.21582965
A22: Økt dekningsbidrag som målet gir | B22: =B19-B16 -> 71950 | E22: DETTE er potten markedstiltakene skal betales av.
A24: 2 · Tiltakene planen foreslår
A25: Tiltak | B25: P-en det hører til | D25: Kroner | E25: Hva det er
A26: Digital annonsering mot borettslagsstyrer og huseiere i nedslagsfeltet | B26: Påvirkning | D26: 18000 | E26: Betalt annonsering rettet mot bydelen, med borettslagsstyrer som hovedmålgruppe. Skal bringe forespørsler inn, ikke bygge merkevare.
A27: Egen nettside for borettslag, med kostnad per leilighet | B27: Påvirkning | D27: 12000 | E27: Én side som svarer på det styrene faktisk er usikre på: hva det koster per leilighet, hvem som drifter anlegget etterpå, og om det kan bygges ut trinnvis.
A28: Bildekor på to servicebiler og profilklær | B28: Påvirkning | D28: 9000 | E28: Den billigste synligheten en lokal installatør har. Bilen står utenfor kunden i to dager og ses av hele gata.
A29: Åpen dag på et ferdig solcelletak, sammen med Fjellkraft Nett AS | B29: Personal | D29: 6000 | E29: Et referanseanlegg, en ettermiddag, og montøren som forklarer. Koster mest i timer, minst i kroner.
A30: Kalkulatørtid til 15 % flere tilbud | B30: Personal | D30: 11520 | E30: Delmålet om flere tilbud er ikke gratis. 120 salgstimer i 2026, 18 timer mer i 2027, til kostsatsen for en produksjonstime.
A31: = Markedsbudsjett for 2027 | D31: =SUM(D26:D30) -> 56520 | E31: Summen arkene Nullpunkt og Scenario regner videre på.
A32: Budsjettet i prosent av avdelingens omsetning | D32: =D31/B15 -> 0.016944275 | E32: En installatør bruker sjelden mer enn noen få prosent på markedsføring. Ligger du over fem, bør du kunne begrunne det.
A33: Budsjettet i prosent av potten på rad 22 | D33: =D31/B22 -> 0.78554552 | E33: Så stor del av vekstmålets dekningsbidrag går med til å betale for tiltakene som skulle skaffe veksten.
A35: Kontroll
A36: Bærer vekstmålet markedsbudsjettet? | D36: =IF(D31<B22,"OK — tiltakene koster mindre enn det økte dekningsbidraget målet gir","AVVIK: markedsbudsjettet er større enn hele det økte dekningsbidraget. Da betaler tiltakene ikke for seg selv, uansett hvor godt de virker") -> OK — tiltakene koster mindre enn det økte dekningsbidraget målet gir
A37: Peker begge delmålene oppover? | D37: =IF(AND(B7>B5,B8>B6),"OK — begge delmålene er vekstmål","AVVIK: et delmål peker nedover eller står stille") -> OK — begge delmålene er vekstmål
A38: Er dekningsgraden den samme i begge årene? | D38: =IF(ABS(B17-B20)<0.02,"OK — miksen er omtrent den samme i de to årene","AVVIK: dekningsgraden endrer seg mye. Da har du endret produktmiksen, og sammenlikningen mellom årene halter") -> OK — miksen er omtrent den samme i de to årene
A40: Prøv dette: sett annonseringen i D26 til det dobbelte, og se hva arket Nullpunkt sier at det krever av nye oppdrag.
A41: Kilde: Markedsmål og markedsmiksen står i Hjertnes, F.: Markedsføring, organisasjon og ledelse for LØM-emnet, 4. utg., kap. 3.4 og 3.5. Priser, dekningsbidrag og volum er Nordlys Elektro AS sine egne.

Sheet Nullpunkt
A1: Hva må tiltakene gi tilbake?
A2: Nullpunktet for et markedsbudsjett: den omsetningen som akkurat dekker det du brukte.
A4: Hentes fra arket Budsjett
A5: Markedsbudsjett for 2027 | B5: =Budsjett!D31 -> 56520
A6: Dekningsgrad ved målet | B6: =Budsjett!B20 -> 0.10123115
A7: Omsetning 2026 | B7: =Budsjett!B15 -> 3335640
A8: Dekningsbidrag per solcelleanlegg | B8: =Budsjett!B11 -> 4400
A9: Dekningsbidrag per ladepunkt | B9: =Budsjett!B13 -> 1050
A11: 1 · Nullpunktet i kroner
A12: = Økt dekningsbidrag som må til | B12: =B5 -> 56520 | D12: Tiltakene betaler seg selv når de har skaffet like mye dekningsbidrag som de kostet. Ikke omsetning — dekningsbidrag.
A13: = Økt omsetning som må til | B13: =B12/B6 -> 558326.19 | D13: Dekningsbidraget delt på dekningsgraden. Dette er tallet folk gjetter altfor lavt.
A14: Hver krone i markedsbudsjettet krever så mange kroner i omsetning | B14: =B13/B5 -> 9.8783827 | D14: Det er dekningsgraden som bestemmer dette tallet, ingenting annet.
A15: = Nødvendig vekst i prosent | B15: =B13/B7 -> 0.16738203 | D15: Sammenlikn med vekstmålet i arket Budsjett, rad 21.
A17: 2 · Hvor mange nye oppdrag er det?
A18: Hvis alt tas som solcelleanlegg | B18: =B12/B8 -> 12.845455 | C18: anlegg | D18: Store anlegg, få av dem. Ett anlegg tar fjorten montørtimer.
A19: Hvis alt tas som ladepunkt | B19: =B12/B9 -> 53.828571 | C19: punkt | D19: Mange små. Hvert punkt er en egen kunde som skal skaffes.
A20: Hvis det tas i samme miks som målet: solcelleanlegg | B20: =Budsjett!D33*(Budsjett!B7-Budsjett!B5) -> 6.2843641 | C20: anlegg
A21: Hvis det tas i samme miks som målet: ladepunkt | B21: =Budsjett!D33*(Budsjett!B8-Budsjett!B6) -> 27.494093 | C21: punkt | D21: Så stor del av hele vekstmålet må kunne tilskrives tiltakene, bare for at de skal betale for seg selv.
A22: Markedskostnad per nytt oppdrag i målet | B22: =B5/((Budsjett!B7-Budsjett!B5)+(Budsjett!B8-Budsjett!B6)) -> 1314.4186 | D22: Budsjettet delt på alle de nye oppdragene målet forutsetter. Sammenlikn med dekningsbidraget per ladepunkt over.
A24: 3 · Har avdelingen timer til det?
A25: Montørtimer per solcelleanlegg | B25: 14
A26: Montørtimer per ladepunkt | B26: 2
A27: Montørtimer avdelingen brukte i 2026 | B27: =Budsjett!B5*B25+Budsjett!B6*B26 -> 836
A28: Montørtimer målet krever | B28: =Budsjett!B7*B25+Budsjett!B8*B26 -> 1018
A29: = Ekstra montørtimer | B29: =B28-B27 -> 182
A30: Ett montørårsverk, tilgjengelige timer | B30: 1695
A31: = Andel av et årsverk | B31: =B29/B30 -> 0.10737463 | D31: «Realistisk» er lærebokas første krav til et markedsmål. Krever målet mer enn ett årsverk, må planen si hvem som skal ansettes.
A33: Kontroll
A34: Er den nødvendige veksten mindre enn vekstmålet? | B34: =IF(B15<Budsjett!B21,"OK — tiltakene kan bære seg innenfor vekstmålet","AVVIK: tiltakene må gi mer vekst enn hele målet for å betale for seg selv. Da må enten budsjettet ned eller målet opp") -> OK — tiltakene kan bære seg innenfor vekstmålet
A35: Er målet mulig uten å ansette? | B35: =IF(B31<1,"OK — de ekstra montørtimene får plass innenfor ett årsverk","AVVIK: målet krever mer enn ett årsverk montørtid. Da er det ikke realistisk uten en ansettelse planen må nevne") -> OK — de ekstra montørtimene får plass innenfor ett årsverk
A36: Går regnestykket rundt? | B36: =IF(ABS(B13*B6-B12)<1,"OK — omsetning ganger dekningsgrad gir dekningsbidraget tilbake","AVVIK: nullpunktet stemmer ikke med dekningsgraden") -> OK — omsetning ganger dekningsgrad gir dekningsbidraget tilbake
A38: Prøv dette: sett dekningsgraden opp ved å heve dekningsbidraget per ladepunkt i Budsjett!B13, og se hvor mye mindre omsetning som må til.
A39: Kilde: nullpunktstankegangen er den samme som i Økonomistyring for LØM-emnet, kap. 8. Markedsbudsjettet hører til markedsplanens siste ledd, Hjertnes kap. 3.5.

Sheet Scenario
A1: Tre scenarioer
A2: Endre de gule cellene og se hva som skjer. Alle tall hentes fra de andre arkene.
A4: Scenario A · hvor mye av veksten kan tiltakene ta æren for?
A5: Et markedsbudsjett er bare lønnsomt for den delen av veksten som faktisk skyldes tiltakene. Resten hadde kommet uansett.
B7: Optimist | C7: Realist | D7: Pessimist | E7: Hva raden betyr
A8: Andel av veksten som skyldes tiltakene | B8: 1 | C8: 0.5 | D8: 0.25 | E8: De gule cellene er scenarioene. Endre dem fritt.
A9: Økt omsetning som kan tilskrives tiltakene | B9: =B8*(Budsjett!B18-Budsjett!B15) -> 719930 | C9: =C8*(Budsjett!B18-Budsjett!B15) -> 359965 | D9: =D8*(Budsjett!B18-Budsjett!B15) -> 179982.5 | E9: Hele omsetningsveksten ganget med andelen.
A10: Økt dekningsbidrag av det | B10: =B9*Budsjett!$B$20 -> 72879.339 | C10: =C9*Budsjett!$B$20 -> 36439.67 | D10: =D9*Budsjett!$B$20 -> 18219.835
A11: − markedsbudsjett | B11: =-Budsjett!D31 -> -56520 | C11: =-Budsjett!D31 -> -56520 | D11: =-Budsjett!D31 -> -56520
A12: = Resultat av markedsarbeidet | B12: =B10+B11 -> 16359.339 | C12: =C10+C11 -> -20080.33 | D12: =D10+D11 -> -38300.165 | E12: Positivt: tiltakene betalte for seg. Negativt: de gjorde det ikke.
A13: Igjen per krone brukt | B13: =B10/Budsjett!D31 -> 1.2894434 | C13: =C10/Budsjett!D31 -> 0.64472168 | D13: =D10/Budsjett!D31 -> 0.32236084 | E13: Over 1,00 er lønnsomt. Under 1,00 er det ikke.
A14: Dom | B14: =IF(B12>0,"Betaler seg","Betaler seg ikke") -> Betaler seg | C14: =IF(C12>0,"Betaler seg","Betaler seg ikke") -> Betaler seg ikke | D14: =IF(D12>0,"Betaler seg","Betaler seg ikke") -> Betaler seg ikke
A16: Kontroll
A17: Faller resultatet når mindre av veksten skyldes tiltakene? | B17: =IF(AND(D8<C8,D12<C12),"OK — mindre effekt gir dårligere resultat","AVVIK: sjekk at pessimistkolonnen har lavere andel enn realistkolonnen") -> OK — mindre effekt gir dårligere resultat
A18: Hva som SKAL stå her med tallene som ligger inne | B18: =IF(D12<0,"OK — i pessimistscenarioet betaler tiltakene seg ikke. Det er hele poenget med å regne på det på forhånd","AVVIK: selv i pessimistscenarioet betaler tiltakene seg. Da er budsjettet satt for lavt til å være interessant") -> OK — i pessimistscenarioet betaler tiltakene seg ikke. Det er hele poenget med å regne på det på forhånd
A21: Scenario B · dekningsgraden er det som avgjør
A22: Avdelingen har lav dekningsgrad fordi materiellet er en stor del av prisen. Se hva det gjør med hvor mye omsetning hver markedskrone krever.
A24: Dekningsgrad | B24: Omsetning som må til | C24: Vekst i prosent | D24: Oppdrag av snittstørrelse | E24: Hva det betyr
A25: =Budsjett!$B$20 -> 0.10123115 | B25: =Budsjett!$D$31/A25 -> 558326.19 | C25: =B25/Budsjett!$B$15 -> 0.16738203 | D25: =B25/(Budsjett!$B$15/(Budsjett!$B$5+Budsjett!$B$6)) -> 35.819754 | E25: Avdelingen i dag. Materiellet spiser nesten alt.
A26: 0.15 | B26: =Budsjett!$D$31/A26 -> 376800 | C26: =B26/Budsjett!$B$15 -> 0.11296183 | D26: =B26/(Budsjett!$B$15/(Budsjett!$B$5+Budsjett!$B$6)) -> 24.173832 | E26: Hvis avdelingen fikk bedre innkjøpspris på panelene.
A27: 0.2 | B27: =Budsjett!$D$31/A27 -> 282600 | C27: =B27/Budsjett!$B$15 -> 0.084721373 | D27: =B27/(Budsjett!$B$15/(Budsjett!$B$5+Budsjett!$B$6)) -> 18.130374 | E27: Hvis avdelingen solgte mer arbeid og mindre materiell.
A28: 0.3 | B28: =Budsjett!$D$31/A28 -> 188400 | C28: =B28/Budsjett!$B$15 -> 0.056480915 | D28: =B28/(Budsjett!$B$15/(Budsjett!$B$5+Budsjett!$B$6)) -> 12.086916 | E28: En ren tjenesteleveranse, uten materiell å legge ut for.
A29: 0.625 | B29: =Budsjett!$D$31/A29 -> 90432 | C29: =B29/Budsjett!$B$15 -> 0.027110839 | D29: =B29/(Budsjett!$B$15/(Budsjett!$B$5+Budsjett!$B$6)) -> 5.8017196 | E29: Hele bedriftens dekningsgrad, der montørlønna ikke er trukket fra.
A31: Les tabellen slik: markedsbudsjettet er det samme på hver rad. Det eneste som endrer seg, er hvor mye omsetning som må til for å hente inn de samme kronene.
A32: Kolonnen «Oppdrag av snittstørrelse» er omsetningen delt på gjennomsnittsoppdraget i avdelingen. Vil du vite hvor mange ladepunkt eller solcelleanlegg det er, står de tallene i arket Nullpunkt, der de regnes av dekningsbidraget og ikke av prisen.
A33: Det er derfor et markedstiltak er dyrere for en installatør enn for en konsulent: konsulenten har ingen materiellkostnad å hente inn først.
A35: Kontroll
A36: Faller kravet til omsetning når dekningsgraden stiger? | B36: =IF(B25>B29,"OK — høyere dekningsgrad krever mindre omsetning","AVVIK: tabellen skal falle nedover") -> OK — høyere dekningsgrad krever mindre omsetning
A37: Stemmer raden «avdelingen i dag» med arket Nullpunkt? | B37: =IF(ABS(B25-Nullpunkt!B13)<1,"OK — raden gir samme svar som arket Nullpunkt","AVVIK: raden stemmer ikke med arket Nullpunkt") -> OK — raden gir samme svar som arket Nullpunkt
A40: Scenario C · kutt ett tiltak
A41: Styret ber om at budsjettet kuttes. Sett kostnaden på ett av tiltakene til null i arket Budsjett, og les av her hva det sparer og hva det koster i nødvendig vekst.
A42: Markedsbudsjett slik det står nå | B42: =Budsjett!D31 -> 56520
A43: Budsjettet slik planen opprinnelig var satt opp | B43: 56520 | E43: Dette tallet står fast, så du kan se hva du har endret.
A44: = Endring | B44: =B42-B43 -> 0
A45: Nødvendig vekst nå | B45: =Nullpunkt!B15 -> 0.16738203
A46: Vekstmålet i planen | B46: =Budsjett!B21 -> 0.21582965
A47: = Margin | B47: =B46-B45 -> 0.048447618 | E47: Så mange prosentpoeng vekst har planen å gå på før markedsbudsjettet ikke lenger bærer seg.
A49: Kontroll
A50: Er det margin igjen? | B50: =IF(B47>0,"OK — vekstmålet dekker markedsbudsjettet med margin","AVVIK: markedsbudsjettet krever mer vekst enn planen lover. Kutt et tiltak, eller hev målet") -> OK — vekstmålet dekker markedsbudsjettet med margin
A52: Kilde: Hjertnes kap. 3.4 og 3.5. Nullpunktstankegangen er den samme som i Økonomistyring for LØM-emnet, kap. 8. Tallene er Nordlys Elektro AS sine egne.

Sheet Din egen avdeling
A1: Din egen bedrift
A2: Samme regnestykke, tomt. Legg inn tallene fra din egen avdeling.
A4: 1 · Det du selger
A5: Omsetning i fjor, uten mva. | B5: 0 | D5: Bare avdelingen eller produktområdet du planlegger for.
A6: Dekningsbidrag i fjor | B6: 0 | D6: Omsetning minus materiell, innleide montører og de timene som går med.
A7: Omsetningsmål for neste år | B7: 0 | D7: Målet, ikke håpet.
A8: Snittpris per oppdrag, uten mva. | B8: 0 | D8: Den vanligste jobben i avdelingen.
A9: Dekningsbidrag per oppdrag | B9: 0 | D9: Det som er igjen når materiellet og timene er betalt.
A11: = Dekningsgrad | B11: =IF(B5=0,0,B6/B5) -> 0
A12: = Vekst i målet | B12: =IF(B5=0,0,B7/B5-1) -> 0
A14: 2 · Markedsbudsjettet ditt
A15: Tiltak | B15: Kroner | D15: Hva du venter deg av det
B16: 0
B17: 0
B18: 0
B19: 0
B20: 0
A21: = Markedsbudsjett | B21: =SUM(B16:B20) -> 0
A22: I prosent av omsetningen | B22: =IF(B5=0,0,B21/B5) -> 0
A24: 3 · Hva det må gi tilbake
A25: = Økt dekningsbidrag som må til | B25: =B21 -> 0
A26: = Økt omsetning som må til | B26: =IF(B11=0,0,B25/B11) -> 0
A27: = Nødvendig vekst | B27: =IF(B5=0,0,B26/B5) -> 0
A28: = Nye oppdrag som må til | B28: =IF(B9=0,0,B25/B9) -> 0 | D28: Dekningsbidraget som må inn, delt på dekningsbidraget per oppdrag.
A30: Kontroll
A31: Bærer målet budsjettet? | B31: =IF(B5=0,"Fyll inn tallene over.",IF(B27<B12,"OK — den nødvendige veksten er mindre enn vekstmålet ditt","AVVIK: markedsbudsjettet krever mer vekst enn målet ditt lover")) -> Fyll inn tallene over.
A32: Er budsjettet realistisk i størrelse? | B32: =IF(B5=0,"Fyll inn tallene over.",IF(B22<0.05,"OK — budsjettet er under fem prosent av omsetningen","AVVIK: over fem prosent av omsetningen til markedsføring. Det kan være riktig, men det må begrunnes")) -> Fyll inn tallene over.
A34: Og det arket ikke kan svare på: hvor stor del av veksten som faktisk skyldes tiltakene. Det er derfor scenarioarket finnes.
