Workbook

Sheet Start
B1: Fra budsjett til kalkyle — Elektro AS 2026
B3: Hva arket viser
B4: Hvordan budsjettet blir til satser (tilleggssats, sosiale kostnader, fortjeneste), og hvordan satsene blir til en pris på én jobb. Samme jobb regnes på tre måter: slik læreboka gjør det, slik Eldata gjør det, og slik KlarCalc og SmartCraft viser det.
B6: Fanene, i rekkefølge
B7: 1 Budsjett — budsjettet til Elektro AS 2026 med én kolonne der hver konto er sortert i gruppe (M, L, S, D, F). Endre gruppen og se hva som skjer med satsene.
B8: 2 Satser — summene per gruppe og satsene som regnes ut av dem.
B9: 3 Kalkyle bok — selvkostkalkylen for én jobb, oppstilt som i Økonomistyring for LØM-emnet, kap. 5.2, eksempel 3.
B10: 4 Eldata-trapp — den samme jobben gjennom trinnene i Eldata: sosiale omkostninger, driftsomkostninger, fellesomkostninger, fortjeneste.
B11: 5 Nøkkelvalg — to jobber priset med to ulike fordelingsnøkler fra det samme budsjettet.
B12: 6 Øvelser — fem oppgaver med svarfelt og automatisk sjekk.
B13: 7 Ordliste — samme ting, fire navn: boka, Eldata, KlarCalc og SmartCraft.
B15: Fargekoder
... B20: Teori: Hjertnes og Skorpen, Økonomistyring for LØM-emnet, kap. 5.2 (selvkostkalkyle for tjeneste, eksempel 3) og formelsamlingen (tilleggssats = indirekte kostnader / fordelingsgrunnlaget). Eldata: håndboken «ELdata kalkyle» (NELFO). KlarCalc: Brukerveiledning KlarCalc 2025. SmartCraft Spark: smartcraftspark.com/no (lest 19.10.2026).

Sheet 1 Budsjett
A1: Budsjett Elektro AS 2026 — sortert i grupper
A2: Gruppe: R = inntekt · M = direkte materiell · L = direkte lønn (lønn produksjon med tillegg og feriepenger) · S = sosiale kostnader på direkte lønn · D = driftsomkostninger (følger montørene) · F = fellesomkostninger (holder bedriften i gang). Bytt bokstav i kolonne D og se satsene endre seg.
A4: Konto | B4: Navn | C4: Beløp (kr) | D4: Gruppe | E4: Hvorfor denne gruppen
B5: D R I F T S I N N T E K T E R
A6: 3000 | B6: Salg materiell service | C6: 8500000 | D6: R | E6: Salgsinntekt
A7: 3010 | B7: Salg arbeid service | C7: 12500000 | D7: R | E7: Salgsinntekt
A8: 3040 | B8: Salg fastpris prosjekter | C8: 29000000 | D8: R | E8: Salgsinntekt
B9: D R I F T S K O S T N A D E R
A10: 4300 | B10: Innkjøp varer for videresalg | C10: 21000000 | D10: M | E10: Kan føres direkte på jobben (materiell, UE). Bonus trekker ned.
A11: 4302 | B11: Bonuser varekjøp | C11: -750000 | D11: M | E11: Kan føres direkte på jobben (materiell, UE). Bonus trekker ned.
A12: 4500 | B12: Fremmedytelse og underentrepriser | C12: 1000000 | D12: M | E12: Kan føres direkte på jobben (materiell, UE). Bonus trekker ned.
A13: 5000 | B13: Lønn produksjon | C13: 9000000 | D13: L | E13: Montørens timelønn med bastillegg — «sum arbeidslønn» i Eldata
A14: 5002 | B14: Bastillegg | C14: 200000 | D14: L | E14: Montørens timelønn med bastillegg — «sum arbeidslønn» i Eldata
A15: 5010 | B15: Helligdagsgodtgj. produksjon | C15: 400000 | D15: S | E15: Sosiale kostnader på produksjonslønna: feriepenger, helligdag, sykelønn, AGA, yrkesskade
A16: 5020 | B16: Sykelønn produksjon | C16: 300000 | D16: S | E16: Sosiale kostnader på produksjonslønna: feriepenger, helligdag, sykelønn, AGA, yrkesskade
A17: 5030 | B17: Feriepenger produksjon | C17: 1200000 | D17: S | E17: Sosiale kostnader på produksjonslønna: feriepenger, helligdag, sykelønn, AGA, yrkesskade
A18: 5100 | B18: Lønn administrasjon | C18: 3600000 | D18: F | E18: Fellesomkostning: administrasjon, lokaler, kontor, reklame, forsikring, tap
A19: 5120 | B19: Sykelønn adm. | C19: 75000 | D19: F | E19: Fellesomkostning: administrasjon, lokaler, kontor, reklame, forsikring, tap
A20: 5130 | B20: Feriepenger adm. | C20: 450000 | D20: F | E20: Fellesomkostning: administrasjon, lokaler, kontor, reklame, forsikring, tap
A21: 5211 | B21: Fordel fri mobiltelefon | C21: 100000 | D21: F | E21: Fellesomkostning: administrasjon, lokaler, kontor, reklame, forsikring, tap
... A68: 7830 | B68: Tap på kundefordringer | C68: 200000 | D68: F | E68: Fellesomkostning: administrasjon, lokaler, kontor, reklame, forsikring, tap
B70: Sum inntekter | C70: =SUMIF(D5:D68,"R",C5:C68) -> 50000000
B71: Sum kostnader | C71: =SUM(C5:C68)-C70 -> 44795000
B72: Driftsresultat | C72: =C70-C71 -> 5205000 | E72: Kontroll: skal være 5 205 000 når budsjettet er uendret
A74: Merk: i budsjettfila er inntektene ført med minus (regnskapsfortegn). Her er de snudd til pluss for å gjøre regningen lettere å følge.

Sheet 2 Satser
A1: Fra budsjett til satser
A3: Trinn | B3: Kroner | C3: Sats | D3: Slik regnes det
A4: M Direkte materiell | B4: =SUMIF('1 Budsjett'!$D$5:$D$68,"M",'1 Budsjett'!$C$5:$C$68) -> 21250000 | D4: Konto 4300 − 4302 + 4500
A5: L Lønn produksjon (timelønn + bastillegg) | B5: =SUMIF('1 Budsjett'!$D$5:$D$68,"L",'1 Budsjett'!$C$5:$C$68) -> 9200000 | D5: Konto 5000 og 5002. «Sum arbeidslønn» i Eldata
A6: S Sosiale kostnader (ferie, helligdag, syk, AGA, yrkesskade) | B6: =SUMIF('1 Budsjett'!$D$5:$D$68,"S",'1 Budsjett'!$C$5:$C$68) -> 3560000 | C6: =B7/(B20*B21)-1 -> 0.57872922 | D6: Eldata S = all produksjonslønn / (timelønn × fakturerte timer) − 1. Per fakturert time, slik at timer som ikke faktureres også dekkes
A7: = Direkte lønn (bokas begrep) | B7: =B5+B6 -> 12760000 | D7: L + S. Boka: direkte lønnskostnader. KlarCalc: lønnskost
A8: D Driftsomkostninger | B8: =SUMIF('1 Budsjett'!$D$5:$D$68,"D",'1 Budsjett'!$C$5:$C$68) -> 2490000 | C8: =B8/B7 -> 0.19514107 | D8: D / direkte lønn. Eldata: driftsomkostninger i % av lønn inkl. sosiale
A9: F Fellesomkostninger | B9: =SUMIF('1 Budsjett'!$D$5:$D$68,"F",'1 Budsjett'!$C$5:$C$68) -> 8295000 | C9: =B9/(B7+B8) -> 0.54393443 | D9: F / (direkte lønn + D). Eldata: fellesomkostninger i % av summen inkl. drift
A10: = Indirekte kostnader (D + F) | B10: =B8+B9 -> 10785000 | C10: =B10/B7 -> 0.84521944 | D10: Boka: tilleggssats = indirekte kostnader / direkte lønn
A11: = Sum kostnader (selvkost for året) | B11: =B4+B7+B10 -> 44795000 | D11: Kontroll mot budsjettet: skal være lik sum kostnader
A12: Driftsresultat (budsjettert fortjeneste) | B12: ='1 Budsjett'!$C$72 -> 5205000 | C12: =B12/B11 -> 0.116196 | D12: Fortjeneste i % av selvkost = driftsresultat / sum kostnader
A13: = Omsetning | B13: =B11+B12 -> 50000000 | D13: Kontroll: skal bli 50 000 000
A15: Kontroll: Eldata-trappen gir samme faktor som boka
A16: Eldata: (1 + drift %) × (1 + felles %) | C16: =(1+C8)*(1+C9) -> 1.8452194 | D16: De to tallene er like. Eldata går to trinn, boka ett — men det er de samme kronene.
A17: Boka: 1 + tilleggssats | C17: =1+C10 -> 1.8452194
A19: Avstemming mot budsjettet | B19: =B11-'1 Budsjett'!$C$71 -> 0 | D19: Skal være 0. Er det ikke 0, har en konto fått en gruppe som ikke finnes.
A20: Timelønn (tariff + tillegg) | B20: 270 | D20: Forutsetning fra Eldata-arket (gjennomsnittlig timelønn)
A21: Fakturerte timer i året | B21: 29935 | D21: Forutsetning: 9 200 000 / (270 × 1 680) = 20,2 årsverk × 1 478 fakturerte timer
A23: Satsene i kroner per fakturert time (Eldata godtar begge)
A24: S sosiale | C24: =B20*C6 -> 156.25689
A25: D drift | C25: =B8/B21 -> 83.180224
A26: F felles | C26: =B9/B21 -> 277.10038
A27: Timekost = timelønn + S | C27: =B20+C24 -> 426.25689
A28: Selvkost per time = timekost + D + F | C28: =C27+C25+C26 -> 786.5375
A29: Timepris til kunden = selvkost × (1 + P) | C29: =C28*(1+C12) -> 877.93001
A30: Faktor arbeid = timepris / timelønn | C30: =C29/B20 -> 3.2515926

Sheet 3 Kalkyle bok
A1: Selvkostkalkyle for én jobb — slik boka gjør det
A2: Økonomistyring for LØM-emnet, kap. 5.2, eksempel 3: direkte kostnader + indirekte kostnader = selvkost, + fortjeneste i % av selvkost = pris.
A4: Forutsetninger for jobben
A5: Fakturerte timer på jobben | B5: 25
A6: Timelønn (fra fane 2) | B6: ='2 Satser'!B20 -> 270
A7: Materiell, netto innkjøpspris | B7: 10000
A8: Sosiale kostnader (fra fane 2) | B8: ='2 Satser'!C6 -> 0.57872922
A9: Tilleggssats for indirekte kostnader (fra fane 2) | B9: ='2 Satser'!C10 -> 0.84521944
A10: Fortjeneste i % av selvkost (fra fane 2) | B10: ='2 Satser'!C12 -> 0.116196
A11: Merverdiavgift | B11: 0.25
A13: Kalkylen | C13: Kroner | D13: Utregning
A14: Direkte lønnskostnader | C14: =B5*B6*(1+B8) -> 10656.422 | D14: Timer × lønn per time × (1 + sosiale). Boka kaller timekosten «timepris» i eksempel 3 — det er bedriftens kostnad, ikke kundens pris
A15: + direkte materialkostnader | C15: =B7 -> 10000 | D15: Netto innkjøpspris
A16: = Sum direkte kostnader | C16: =C14+C15 -> 20656.422
A17: + indirekte kostnader | C17: =C14*B9 -> 9007.0152 | D17: Tilleggssats × direkte lønnskostnader
A18: = Selvkost | C18: =C16+C17 -> 29663.437 | D18: Alt jobben koster, også sin andel av husleie, biler og administrasjon
A19: + fortjeneste | C19: =C18*B10 -> 3446.7729 | D19: Fortjeneste i % av selvkost
A20: = Pris u/mva. | C20: =C18+C19 -> 33110.21
A21: + mva. | C21: =C20*B11 -> 8277.5526
A22: = Pris m/mva. | C22: =C20+C21 -> 41387.763
A24: Timekost (bedriftens kostnad per time) | C24: =B6*(1+B8) -> 426.25689
A25: Timepris til kunden (eks. mva) | C25: =B6*(1+B8)*(1+B9)*(1+B10) -> 877.93001 | D25: Det tallet KlarCalc kaller «salgspris pr time» og SmartCraft «timepris på montører»

Sheet 4 Eldata-trapp
A1: Den samme jobben gjennom Eldata-trappen
A2: Eldata legger påslagene oppå hverandre, ett trinn om gangen (håndboken «ELdata kalkyle», bildet Kalkulasjon arbeid og Kalkuler materiell påslag).
A4: Arbeid | B4: Sats | C4: Påslag (kr) | D4: Sum etter trinnet | E4: Kommentar
A5: Sum arbeidslønn (timer × lønn per time) | D5: ='3 Kalkyle bok'!B5*'3 Kalkyle bok'!B6 -> 6750
A6: + Sosiale omkostninger | B6: ='2 Satser'!C6 -> 0.57872922 | C6: =D5*B6 -> 3906.4222 | D6: =D5+C6 -> 10656.422 | E6: Eldata: knappen S
A7: + Driftsomkostninger | B7: ='2 Satser'!C8 -> 0.19514107 | C7: =D6*B7 -> 2079.5056 | D7: =D6+C7 -> 12735.928 | E7: Eldata: knappen D, % av sum inkl. sosiale
A8: + Fellesomkostninger | B8: ='2 Satser'!C9 -> 0.54393443 | C8: =D7*B8 -> 6927.5096 | D8: =D7+C8 -> 19663.437 | E8: Eldata: knappen F, % av sum inkl. drift
A9: + Fortjeneste | B9: ='2 Satser'!C12 -> 0.116196 | C9: =D8*B9 -> 2284.8129 | D9: =D8+C9 -> 21948.25 | E9: Eldata: knappen P, % av sum inkl. felles
A10: = Kalkulert arbeidspris | D10: =D9 -> 21948.25
A11: Faktor arbeid | D11: =D10/D5 -> 3.2515926 | E11: Eldata: faktor arbeid = kalkulert arbeidspris / netto
A13: Materiell | B13: Sats | C13: Påslag (kr) | D13: Sum etter trinnet | E13: Kommentar
A14: Netto materiell (selvkost etter rabatt) | D14: ='3 Kalkyle bok'!B7 -> 10000
A15: + Driftsomkostninger materiell | B15: 0 | C15: =D14*B15 -> 0 | D15: =D14+C15 -> 10000 | E15: 0 i den enkle varianten: alt indirekte ligger på lønn
A16: + Fellesomkostninger materiell | B16: 0 | C16: =D15*B16 -> 0 | D16: =D15+C16 -> 10000 | E16: 0 av samme grunn. Legger du inn noe her, må lønnssatsene ned
A17: + Fortjeneste | B17: ='2 Satser'!C12 -> 0.116196 | C17: =D16*B17 -> 1161.96 | D17: =D16+C17 -> 11161.96 | E17: Samme fortjenestesats som på arbeid
A18: = Kalkulert materiellpris | D18: =D17 -> 11161.96
A19: Faktor materiell | D19: =D18/D14 -> 1.116196
A21: Kundepris eks. mva (Eldata) | D21: =D10+D18 -> 33110.21
A22: Pris u/mva. fra fane 3 (boka) | D22: ='3 Kalkyle bok'!C20 -> 33110.21
A23: Forskjell | D23: =D21-D22 -> 0 | E23: 0 = boka og Eldata gir nøyaktig samme pris
A25: DB-trinnene i Eldata
A26: DB1 bruttofortjeneste = kundepris − netto materiell/arbeid inkl. sosiale | D26: =D21-D14-D6 -> 12453.788
A27: DB2 = DB1 − driftsomkostninger | D27: =D26-C7-C15 -> 10374.283
A28: DB3 nettofortjeneste = DB2 − fellesomkostninger | D28: =D27-C8-C16 -> 3446.7729 | E28: DB3 er det boka kaller fortjeneste. DB1 ligger nær bokas dekningsbidrag (pris − variable kostnader)

Sheet 5 Nøkkelvalg
A1: Samme budsjett, to nøkler — to helt ulike priser
A2: Budsjettet sier hvor mye indirekte kostnader som skal dekkes. Det sier ikke hvilken nøkkel de skal fordeles med. Det valget gjør bedriften selv (Økonomistyring for LØM-emnet, kap. 5.2.1 og 5.3).
B4: Jobb A: materielltung | C4: Jobb B: lønnstung
A5: Direkte lønn inkl. sosiale | B5: 5000 | C5: 20000
A6: Direkte materiell | B6: 40000 | C6: 2000
A8: Nøkkel 1: tilleggssats på direkte lønn | D8: ='2 Satser'!C10 -> 0.84521944
A9: Indirekte kostnader | B9: =B5*$D$8 -> 4226.0972 | C9: =C5*$D$8 -> 16904.389
A10: Selvkost | B10: =B5+B6+B9 -> 49226.097 | C10: =C5+C6+C9 -> 38904.389
A12: Nøkkel 2: tilleggssats på alle direkte kostnader | D12: ='2 Satser'!B10/('2 Satser'!B4+'2 Satser'!B7) -> 0.31711261 | E12: = indirekte / (materiell + direkte lønn)
A13: Indirekte kostnader | B13: =(B5+B6)*$D$12 -> 14270.068 | C13: =(C5+C6)*$D$12 -> 6976.4775
A14: Selvkost | B14: =B5+B6+B13 -> 59270.068 | C14: =C5+C6+C13 -> 28976.478
A16: Forskjell i selvkost (nøkkel 2 − nøkkel 1) | B16: =B14-B10 -> 10043.97 | C16: =C14-C10 -> -9927.9112
A18: Hva betyr det?
A19: Med nøkkel 2 blir tavleanbudet med mye materiell dyrt, og du taper det. Med nøkkel 1 blir servicejobbene med mye timer dyre. Begge nøklene dekker de samme kronene over året. Eldata og KlarCalc løser det med egne påslag for materiell og arbeid — det tilsvarer to tilleggssatser.

Sheet 6 Øvelser
A1: Øvelser — skriv svaret i den gule cellen
B2: Svar i kroner uten mellomrom, eller prosent som 84,5 %. Sjekken godtar et lite avrundingsavvik. Bruk fanene 1–5 hvis du står fast.
B4: Oppgave | C4: Ditt svar | D4: Sjekk
A5: 1 | B5: Hvor stor er tilleggssatsen for indirekte kostnader i % av direkte lønn? (Fane 2) | D5: =IF(C5="","",IF(ABS(C5-E5)<=0.002,"Riktig","Prøv igjen")) | E5: ='2 Satser'!C10 -> 0.84521944
A6: 2 | B6: Hva blir selvkosten på en jobb med 30 000 kr i direkte lønn (inkl. sosiale) og 15 000 kr i materiell? | D6: =IF(C6="","",IF(ABS(C6-E6)<=50,"Riktig","Prøv igjen")) | E6: =30000+15000+30000*'2 Satser'!C10 -> 70356.583
A7: 3 | B7: Hva blir prisen u/mva. på den samme jobben, med fortjenesten fra budsjettet? | D7: =IF(C7="","",IF(ABS(C7-E7)<=50,"Riktig","Prøv igjen")) | E7: =(30000+15000+30000*'2 Satser'!C10)*(1+'2 Satser'!C12) -> 78531.737
A8: 4 | B8: Hva blir faktor arbeid i Eldata med satsene fra budsjettet? Svar med tre desimaler. | D8: =IF(C8="","",IF(ABS(C8-E8)<=0.002,"Riktig","Prøv igjen")) | E8: =(1+'2 Satser'!C6)*(1+'2 Satser'!C10)*(1+'2 Satser'!C12) -> 3.2515926
A9: 5 | B9: Flytt konto 5100 Lønn administrasjon (3 600 000) fra F til L i fane 1, men regn ut i hodet først: hva blir den nye tilleggssatsen? (Sett den tilbake etterpå.) | D9: =IF(C9="","",IF(ABS(C9-E9)<=0.005,"Riktig","Prøv igjen")) | E9: =('2 Satser'!B10-3600000)/('2 Satser'!B7+3600000) -> 0.43918093
B11: Oppgave 5 er laget slik at svaret stemmer når fane 1 er uendret. Regner du riktig, ser du at tilleggssatsen faller kraftig — fordi en stor kostnad flyttes fra «indirekte» til «direkte». Det er derfor bedrifter som fører prosjektlederens timer på jobbene, får lavere tilleggssats.

Sheet 7 Ordliste
A1: Samme ting, fire navn
A3: Læreboka | B3: Eldata | C3: KlarCalc | D3: SmartCraft Spark | E3: I budsjettet
A4: Direkte lønnskostnader (timer × sats) | B4: Sum arbeidslønn + sosiale omkostninger | C4: Lønnskost | D4: Timepris på montører, lærlinger osv. (kostnadsdelen vises ikke) | E4: Konto 5000–5030 + AGA og yrkesskade produksjon
A5: Direkte materialkostnader | B5: Selvkost materiell (netto etter rabatt) | C5: Innkjøpspris fra grossist | D5: Grossistpris via rabattfil og EFO-produktdatabasen | E5: Konto 4300 − 4302 + 4500
A6: Indirekte kostnader (tilleggssats) | B6: Driftsomkostninger + fellesomkostninger | C6: Sosiale og administrative kostnader | D6: Påslag (oppsettet viser ikke hvordan det regnes) | E6: Alt annet: adm.lønn, lokaler, biler, verktøy, kontor
A7: Selvkost | B7: Ikke egen linje; ligger i faktorene | C7: Kostpris | D7: Ikke dokumentert | E7: Sum kostnader 44 795 000
A8: Fortjeneste i % av selvkost | B8: Fortjeneste % (P) | C8: Standard fortjeneste / variabel fortjeneste | D8: «Se hva du tjener før jobben starter» | E8: Driftsresultat 5 205 000
A9: Pris u/mva. | B9: Kundepris eks. mva (faktor arbeid × faktor materiell) | C9: Salgspris eks. mva | D9: Tilbudspris | E9: Omsetning 50 000 000
A10: Dekningsbidrag (bidragskalkyle) | B10: DB1, DB2, DB3 | C10: Dekningsbidrag (vises ved holdepekeren) | D10: Ikke dokumentert | E10: —
A11: Timepris i eksempel 3 = bedriftens kostnad per time | B11: Timesats for akkordlaget | C11: Salgspris pr time = kundens pris | D11: Timepris = kundens pris | E11: Pass på: samme ord, to betydninger
A13: Kilder: Økonomistyring for LØM-emnet kap. 5.2; ELdata kalkyle (NELFO); Brukerveiledning KlarCalc 2025 («Hvis du ikke vet de respektive satser, kan du få dette fra din regnskapsfører»); smartcraftspark.com/no lest 19.10.2026. SmartCraft dokumenterer ikke regnemetoden offentlig — der står «ikke dokumentert».
